{
  "data": {
    "categories": [
      {
        "id": "dsf87ds78a7",
        "name": "Safety",
        "colorId": 1
      },
      {
        "id": "gfd8dsf67s8",
        "name": "Feature",
        "colorId": 12
      },
      {
        "id": "gfd8ssf67s8",
        "name": "Salary",
        "colorId": 2
      }
    ],
    "groups": [
      {
        "id": "bv8sda6a6s98s",
        "name": "LV"
      },
      {
        "id": "bs9s8x6x8sd9a",
        "name": "HV"
      }
    ],
    "tags": [
      {
        "id": "asd90sa98sd9",
        "name": "Warning",
        "categoryId": "gfd8dsf67s8",
        "groupId": "bv8sda6a6s98s",
        "description": "about Warning",
        "imgUrl": "https://cdn.shopify.com/s/files/1/1020/2329/t/42/assets/mirror_large.jpg",
        "enabled": true
      },
      {
        "id": "a98s98afa9sd8",
        "name": "Mimea",
        "categoryId": "gfd8dsf67s8",
        "groupId": "bv8sda6a6s98s",
        "description": "about Mime",
        "enabled": true
      },
      {
        "id": "g90a98asd9sa90d",
        "name": "Salary",
        "categoryId": "gfd8dsf67s8",
        "groupId": "bv8sda6a6s98s",
        "description": "about Salary",
        "imgUrl": "https://cdn.shopify.com/s/files/1/1020/2329/t/42/assets/mirror_large.jpg",
        "enabled": false
      },
      {
        "id": "9asd87sad7jnd",
        "name": "Scaffolds",
        "categoryId": "dsf87ds78a7",
        "groupId": "bs9s8x6x8sd9a",
        "description": "about Scaffolds",
        "enabled": true
      },
      {
        "id": "d0sd98a787a9a9",
        "name": "Futurea",
        "categoryId": "dsf87ds78a7",
        "groupId": "bs9s8x6x8sd9a",
        "description": "about Future",
        "imgUrl": "https://cdn.shopify.com/s/files/1/1020/2329/t/42/assets/mirror_large.jpg",
        "enabled": true
      },
      {
        "id": "g90a98sasd9asd",
        "name": "Class",
        "categoryId": "dsf87ds78a7",
        "groupId": "bs9s8x6x8sd9a",
        "description": "about Class",
        "imgUrl": "https://cdn.shopify.com/s/files/1/1020/2329/t/42/assets/mirror_large.jpg",
        "enabled": true
      },
      {
        "id": "9asd87sad7jnd",
        "name": "Scaffolds",
        "categoryId": "gfd8ssf67s8",
        "groupId": "bs9s8x6x8sd9a",
        "description": "about Scaffolds",
        "imgUrl": "https://cdn.shopify.com/s/files/1/1020/2329/t/42/assets/mirror_large.jpg",
        "enabled": true
      },
      {
        "id": "d0sd98a787a9a9",
        "name": "Futurea",
        "categoryId": "gfd8ssf67s8",
        "groupId": "bs9s8x6x8sd9a",
        "description": "about Future",
        "imgUrl": "https://cdn.shopify.com/s/files/1/1020/2329/t/42/assets/mirror_large.jpg",
        "enabled": true
      },
      {
        "id": "g90a98sasd9asd",
        "name": "Class",
        "categoryId": "gfd8ssf67s8",
        "groupId": "bs9s8x6x8sd9a",
        "description": "about Class",
        "enabled": true
      }
    ]
  }
}
