{
  "data": {
    "categories": [
      {
        "_id": "dsf87ds78a7",
        "name": "Safety",
        "colorID": 2
      },
      {
        "_id": "gfd8dsf67s8",
        "name": "Job Feature",
        "colorID": 3
      }
    ],
    "groups": [
      {
        "_id": "bv8sda6a6s98s",
        "name": "LV"
      },
      {
        "_id": "bs9s8x6x8sd9a",
        "name": "HV"
      }
    ],
    "tags": [
      {
        "_id": "asd90sa98sd9",
        "name": "Warning",
        "categoryID": "dsf87ds78a7",
        "groupID": "bv8sda6a6s98s",
        "description": "Some description about Warning in two lines display"
      },
      {
        "_id": "9asd87sad7jnd",
        "name": "Scaffolds",
        "categoryID": "dsf87ds78a7",
        "groupID": "bs9s8x6x8sd9a",
        "description": "Some description about Scaffolds in two lines display"
      },
      {
        "_id": "d09d8776d6s8",
        "name": "Salary",
        "categoryID": "gfd8dsf67s8",
        "groupID": "bv8sda6a6s98s",
        "description": "Some description about Salary in two lines display"
      },
      {
        "_id": "asd90sa98sd9",
        "name": "Class",
        "categoryID": "dsf87ds78a7",
        "groupID": "bs9s8x6x8sd9a",
        "description": "Some description about Class in two lines display"
      }
    ]
  }
}
