{
  "data": {
    "categories": [
      {
        "_id": "dsf87ds78a7",
        "name": "Safety",
        "colorId": 1
      },
      {
        "_id": "gfd8dsf67s8",
        "name": "Job Feature",
        "colorId": 12
      },
      {
        "_id": "gfd8ssf67s8",
        "name": "Salary",
        "colorId": 3
      }
    ],
    "groups": [
      {
        "_id": "bv8sda6a6s98s",
        "name": "LV"
      },
      {
        "_id": "bs9s8x6x8sd9a",
        "name": "HV"
      }
    ],
    "tags": [
      {
        "_id": "asd90sa98sd9",
        "name": "Warning",
        "categoryId": "gfd8dsf67s8",
        "groupId": "bv8sda6a6s98s",
        "description": "about Warning",
        "enabled": true
      },
      {
        "_id": "9asd87sad7jnd",
        "name": "Scaffolds",
        "categoryId": "dsf87ds78a7",
        "groupId": "bs9s8x6x8sd9a",
        "description": "about Scaffolds",
        "enabled": true
      },
      {
        "_id": "d09d8776d6s8",
        "name": "Salary",
        "categoryId": "gfd8dsf67s8",
        "groupId": "bv8sda6a6s98s",
        "description": "about Salary",
        "enabled": true
      },
      {
        "_id": "asd90sa98sd9",
        "name": "Class",
        "categoryId": "dsf87ds78a7",
        "groupId": "bs9s8x6x8sd9a",
        "description": "about Class",
        "enabled": true
      }
    ]
  }
}
