{
  "colors": [
    { "id": 0, "class": "green-secondary" },
    { "id": 1, "class": "pink" },
    { "id": 2, "class": "yellow-dark" },
    { "id": 3, "class": "green-dark" },
    { "id": 4, "class": "blue-light" },
    { "id": 5, "class": "black" },
    { "id": 6, "class": "yellow-light" },
    { "id": 7, "class": "blue-darker" },
    { "id": 8, "class": "brown" },
    { "id": 9, "class": "red" },
    { "id": 10, "class": "red-lighter" },
    { "id": 11, "class": "pink-dark" },
    { "id": 12, "class": "green-light" },
    { "id": 13, "class": "green-darker" },
    { "id": 14, "class": "red-dark" }
  ]
}
